INSERT INTO MARCAS (ID, MARCA) VALUES (1, 'Ford');
INSERT INTO MARCAS (ID, MARCA) VALUES (2, 'Toyota');
INSERT INTO MARCAS (ID, MARCA) VALUES (3, 'Opel');
INSERT INTO MARCAS (ID, MARCA) VALUES (4, 'Renault');
INSERT INTO MARCAS (ID, MARCA) VALUES (5, 'Peugeot');
INSERT INTO MARCAS (ID, MARCA) VALUES (6, 'Mercedes');
INSERT INTO MARCAS (ID, MARCA) VALUES (7, 'BWM');
INSERT INTO MARCAS (ID, MARCA) VALUES (8, 'Audi');
INSERT INTO MARCAS (ID, MARCA) VALUES (9, 'Seat');

INSERT INTO COCHES (ID, MODELO, COLOR, ID_MARCA) VALUES (1, 'Focus', 'Negro', 1);
INSERT INTO COCHES (ID, MODELO, COLOR, ID_MARCA) VALUES (2, 'Mustang', 'Rojo', 1);
INSERT INTO COCHES (ID, MODELO, COLOR, ID_MARCA) VALUES (3, 'Astra', 'Negro', 3);
INSERT INTO COCHES (ID, MODELO, COLOR, ID_MARCA) VALUES (4, 'Megane', 'Blanco', 4);
INSERT INTO COCHES (ID, MODELO, COLOR, ID_MARCA) VALUES (5, 'Corsa', 'Azul', 3);
INSERT INTO COCHES (ID, MODELO, COLOR, ID_MARCA) VALUES (6, 'A200', 'Negro', 6);
INSERT INTO COCHES (ID, MODELO, COLOR, ID_MARCA) VALUES (7, '320 coupe', 'Azul', 7);
INSERT INTO COCHES (ID, MODELO, COLOR, ID_MARCA) VALUES (8, 'A4', 'Gris', 8);
INSERT INTO COCHES (ID, MODELO, COLOR, ID_MARCA) VALUES (9, 'Leon', 'Blanco', 9);
INSERT INTO COCHES (ID, MODELO, COLOR, ID_MARCA) VALUES (10, 'Ibiza', 'Rojo', 9);
INSERT INTO COCHES (ID, MODELO, COLOR, ID_MARCA) VALUES (11, '206', 'Rojo', 5);
INSERT INTO COCHES (ID, MODELO, COLOR, ID_MARCA) VALUES (12, 'Yaris', 'Rojo', 2);

INSERT INTO PRECIOS (ID, FECHA_INICIO, FECHA_FIN, PRECIO, ID_COCHE) VALUES (1, '2018-10-20', '2022-01-01', 25000, 1);
INSERT INTO PRECIOS (ID, FECHA_INICIO, FECHA_FIN, PRECIO, ID_COCHE) VALUES (2, '2016-10-20', '2018-10-19', 22300, 1);
INSERT INTO PRECIOS (ID, FECHA_INICIO, FECHA_FIN, PRECIO, ID_COCHE) VALUES (3, '2018-10-20', '2022-01-01', 40500, 2);
INSERT INTO PRECIOS (ID, FECHA_INICIO, FECHA_FIN, PRECIO, ID_COCHE) VALUES (4, '2018-10-20', '2022-01-01', 25400, 3);
INSERT INTO PRECIOS (ID, FECHA_INICIO, FECHA_FIN, PRECIO, ID_COCHE) VALUES (5, '2018-10-20', '2022-01-01', 25200, 4);
INSERT INTO PRECIOS (ID, FECHA_INICIO, FECHA_FIN, PRECIO, ID_COCHE) VALUES (6, '2016-10-20', '2020-01-01', 10500, 5);
INSERT INTO PRECIOS (ID, FECHA_INICIO, FECHA_FIN, PRECIO, ID_COCHE) VALUES (7, '2020-01-02', '2025-01-01', 12000, 5);
INSERT INTO PRECIOS (ID, FECHA_INICIO, FECHA_FIN, PRECIO, ID_COCHE) VALUES (8, '2018-10-20', '2022-01-01', 28000, 6);
INSERT INTO PRECIOS (ID, FECHA_INICIO, FECHA_FIN, PRECIO, ID_COCHE) VALUES (9, '2018-10-20', '2022-01-01', 29250, 7);
INSERT INTO PRECIOS (ID, FECHA_INICIO, FECHA_FIN, PRECIO, ID_COCHE) VALUES (10, '2018-10-20', '2021-01-01', 25000, 8);
INSERT INTO PRECIOS (ID, FECHA_INICIO, FECHA_FIN, PRECIO, ID_COCHE) VALUES (11, '2021-01-02', '2023-01-01', 26000, 8);
INSERT INTO PRECIOS (ID, FECHA_INICIO, FECHA_FIN, PRECIO, ID_COCHE) VALUES (12, '2018-10-20', '2022-01-01', 25000, 9);
INSERT INTO PRECIOS (ID, FECHA_INICIO, FECHA_FIN, PRECIO, ID_COCHE) VALUES (13, '2018-10-20', '2022-01-01', 22000, 10);
INSERT INTO PRECIOS (ID, FECHA_INICIO, FECHA_FIN, PRECIO, ID_COCHE) VALUES (14, '2018-10-20', '2022-01-01', 14200, 11);
INSERT INTO PRECIOS (ID, FECHA_INICIO, FECHA_FIN, PRECIO, ID_COCHE) VALUES (15, '2018-10-20', '2022-01-01', 13000, 12);



